,timepoint,weight,marginal,celltype
0,8.5,1/16,target_marginals,Mesoderm
1,8.5,1/16,target_marginals,Neuroectoderm_and_glia
2,8.5,1/4,target_marginals,Endothelium
3,8.5,1/4,target_marginals,Epithelial_cells
4,8.5,1/4,target_marginals,Neural_crest_PNS_glia
5,8.5,1/2,target_marginals,Primitive_erythroid
6,8.5,50,target_marginals,CNS_Neurons
7,8.5,50,target_marginals,Hepatocytes
8,8.5,50,target_marginals,Primordial_germ_cells
9,8.5,50,target_marginals,Neural_crest_PNS_neurons
10,8.5,50,target_marginals,Muscle_cells
11,8.75,3/4,source_marginals,Definitive_erythroid
12,8.75,1/6,target_marginals,Mesoderm
13,8.75,1/4,target_marginals,Primitive_erythroid
14,8.75,1/4,target_marginals,Neuroectoderm_and_glia
15,8.75,1/3,target_marginals,Endothelium
16,8.75,1/3,target_marginals,Epithelial_cells
17,8.75,150,target_marginals,White_blood_cells
18,8.75,50,target_marginals,Definitive_erythroid
19,8.75,10,target_marginals,Megakaryocytes
20,8.75,150,target_marginals,Primordial_germ_cells
21,8.75,40,target_marginals,Eye_and_other
22,8.75,20,target_marginals,Hepatocytes
23,8.75,20,target_marginals,Neural_crest_PNS_neurons
24,9.0,1/5,target_marginals,Mesoderm
25,9.0,1/3,target_marginals,Neuroectoderm_and_glia
26,9.0,1/2,target_marginals,Primitive_erythroid
27,9.0,1/2,target_marginals,Endothelium
28,9.0,1/2,target_marginals,Epithelial_cells
29,9.0,20,target_marginals,Primordial_germ_cells
30,9.0,30,target_marginals,Definitive_erythroid
31,9.0,5,target_marginals,Muscle_cells
32,9.0,60,target_marginals,Extraembryonic_visceral_endoderm
33,9.0,50,target_marginals,White_blood_cells
34,9.25,1/4,source_marginals,Megakaryocytes
35,9.25,1/4,target_marginals,Mesoderm
36,9.25,1/4,target_marginals,Neuroectoderm_and_glia
37,9.25,1/4,target_marginals,Primitive_erythroid
38,9.25,1/2,target_marginals,Intermediate_mesoderm_and_kidney
39,9.25,3/4,target_marginals,Hepatocytes
40,9.25,150,target_marginals,Definitive_erythroid
41,9.25,250,target_marginals,Extraembryonic_visceral_endoderm
42,9.25,25,target_marginals,White_blood_cells
43,9.25,300,target_marginals,Primordial_germ_cells
44,9.25,300,target_marginals,Eye_and_other
45,9.25,3,target_marginals,Gut
46,9.25,10,target_marginals,Intermediate_mesoderm_and_kidney
47,9.5,1/2,target_marginals,Endothelium
48,9.5,1/4,target_marginals,Mesoderm
49,9.5,1/2,target_marginals,Epithelial_cells
50,9.5,1/6,target_marginals,Neuroectoderm_and_glia
51,9.5,1/2,target_marginals,Primordial_germ_cells
52,9.5,3/4,target_marginals,Neural_crest_PNS_neurons
53,9.5,1/2,target_marginals,White_blood_cells
54,9.5,1/2,target_marginals,Muscle_cells
55,9.5,1/4,target_marginals,CNS_neurons
56,9.5,1/2,target_marginals,Cardiocytes
57,9.5,1/4,target_marginals,Primitive_erythroid
58,9.5,40,target_marginals,Eye_and_other
59,9.5,150,target_marginals,Definitive_erythroid
60,9.5,50,target_marginals,Olfactory_sensory_neurons
61,9.5,200,target_marginals,Eye_and_other
62,9.5,25,target_marginals,White_blood_cells
63,9.5,400,target_marginals,Primordial_germ_cells
64,9.5,50,target_marginals,Ependymal_cells
65,9.5,25,target_marginals,Megakaryocytes
66,9.75,1/4,source_marginals,Ependymal_cells
67,9.75,1/4,target_marginals,Mesoderm
68,9.75,1/4,target_marginals,Neuroectoderm_and_glia
69,9.75,1/2,target_marginals,Epithelial_cells
70,9.75,1/2,target_marginals,CNS_neurons
71,9.75,1/2,target_marginals,Muscle_cells
72,9.75,1/2,target_marginals,Endothelium
73,9.75,1,target_marginals,White_blood_cells
74,9.75,1/3,target_marginals,Primitive_erythroid
75,9.75,1/2,target_marginals,Gut
76,9.75,80,target_marginals,Olfactory_sensory_neurons
77,9.75,150,target_marginals,Primordial_germ_cells
78,9.75,50,target_marginals,Eye_and_other
79,9.75,80,target_marginals,Definitive_erythroid
80,10.0,1/2,source_marginals,Lung_and_airways
81,10.0,1/2,source_marginals,Definitive_erythroid
82,10.0,1/4,target_marginals,Mesoderm
83,10.0,1/4,target_marginals,Primitive_erythroid
84,10.0,1/6,target_marginals,Neuroectoderm_and_glia
85,10.0,1/4,target_marginals,CNS_neurons
86,10.0,1/2,target_marginals,Endothelium
87,10.0,10,target_marginals,Definitive_erythroid
88,10.0,300,target_marginals,Primordial_germ_cells
89,10.0,10,target_marginals,White_blood_cells
90,10.0,50,target_marginals,Notochord
91,10.0,1,target_marginals,Neural_crest_PNS_neurons
92,10.0,50,target_marginals,Olfactory_sensory_neurons
93,10.0,30,target_marginals,Gut
94,10.0,50,target_marginals,Eye_and_other
95,10.0,30,target_marginals,Cardiocytes
96,10.25,1/2,source_marginals,Muscle_cells
97,10.25,1/4,target_marginals,Mesoderm
98,10.25,1/6,target_marginals,Neuroectoderm_and_glia
99,10.25,1/5,target_marginals,CNS_neurons
100,10.25,1/2,target_marginals,Epithelial_cells
101,10.25,1/2,target_marginals,Endothelium
102,10.25,2,target_marginals,Definitive_erythroid
103,10.25,50,target_marginals,Eye_and_other
104,10.25,50,target_marginals,Olfactory_sensory_neurons
105,10.25,60,target_marginals,Intermediate_neuronal_progenitors
106,10.25,10,target_marginals,Gut
107,10.25,60,target_marginals,Primordial_germ_cells
108,10.5,1/2,source_marginals,Ependymal_cells
109,10.5,1/2,target_marginals,Mesoderm
110,10.5,1/4,target_marginals,CNS_neurons
111,10.5,1/3,target_marginals,Neuroectoderm_and_glia
112,10.5,10,target_marginals,Gut
113,10.5,1/3,target_marginals,Definitive_erythroid
114,10.5,180,target_marginals,Eye_and_other
115,10.5,70,target_marginals,Olfactory_sensory_neurons
116,10.5,42,target_marginals,Intermediate_neuronal_progenitors
117,10.5,3,target_marginals,Intermediate_mesoderm_and_kidney
118,10.5,50,target_marginals,Notochord
119,10.5,500,target_marginals,Primordial_germ_cells
120,10.5,50,target_marginals,Lung_and_airways
121,10.75,1/2,source_marginals,Ependymal_cells
122,10.75,1/2,target_marginals,Mesoderm
123,10.75,1/3,target_marginals,CNS_neurons
124,10.75,1/2,target_marginals,Neuroectoderm_and_glia
125,10.75,20,target_marginals,Gut
126,10.75,50,target_marginals,Olfactory_sensory_neurons
127,10.75,10,target_marginals,Notochord
128,10.75,50,target_marginals,Eye_and_other
129,10.75,50,target_marginals,Lung_and_airways
130,11.0,1/2,source_marginals,Ependymal_cells
131,11.0,50,source_marginals,White_blood_cells
132,11.0,1/2,target_marginals,Mesoderm
133,11.0,1/2,target_marginals,CNS_neurons
134,11.0,1/2,target_marginals,Neuroectoderm_and_glia
135,11.0,1/2,target_marginals,Muscle_cells
136,11.0,1/2,target_marginals,Definitive_erythroid
137,11.0,1/2,target_marginals,White_blood_cells
138,11.0,50,target_marginals,Eye_and_other
139,11.0,25,target_marginals,Gut
140,11.0,400,target_marginals,Intestine
141,11.0,20,target_marginals,Lung_and_airways
142,11.0,10,target_marginals,Intermediate_neuronal_progenitors
143,11.0,10,target_marginals,Intermediate_mesoderm_and_kidney
144,11.0,500,target_marginals,Primordial_germ_cells
145,11.0,150,target_marginals,T_cells
146,11.0,50,target_marginals,Notochord
147,11.25,1/2,source_marginals,Ependymal_cells
148,11.25,10,source_marginals,White_blood_cells
149,11.25,20,source_marginals,Gut
150,11.25,1/2,target_marginals,Mesoderm
151,11.25,1/3,target_marginals,CNS_neurons
152,11.25,3/4,target_marginals,Definitive_erythroid
153,11.25,1/2,target_marginals,Muscle_cells
154,11.25,1/3,target_marginals,Neuroectoderm_and_glia
155,11.25,50,target_marginals,Eye_and_other
156,11.25,25,target_marginals,Gut
157,11.25,150,target_marginals,Intestine
158,11.25,50,target_marginals,Lung_and_airways
159,11.25,5,target_marginals,White_blood_cells
160,11.25,300,target_marginals,Mast_cells
161,11.25,300,target_marginals,Notochord
162,11.25,1,target_marginals,Primitive_erythroid
163,11.25,300,target_marginals,Testis_and_adrenal
164,11.5,10,source_marginals,Gut
165,11.5,100,source_marginals,White_blood_cells
166,11.5,20,source_marginals,Mesoderm
167,11.5,7/8,target_marginals,Mesoderm
168,11.5,1/5,target_marginals,CNS_neurons
169,11.5,2/3,target_marginals,Epithelial_cells
170,11.5,1/5,target_marginals,Neuroectoderm_and_glia
171,11.5,2/7,target_marginals,Definitive_erythroid
172,11.5,1/3,target_marginals,Neural_crest_PNS_neurons
173,11.5,1,target_marginals,White_blood_cells
174,11.5,300,target_marginals,Mast_cells
175,11.5,250,target_marginals,Intestine
176,11.5,40,target_marginals,Gut
177,11.5,1000,target_marginals,Notochord
178,11.5,60,target_marginals,Eye_and_other
179,11.5,50,target_marginals,Lung_and_airways
180,11.5,10,target_marginals,Megakaryocytes
181,11.5,70,target_marginals,Cardiocytes
182,11.5,20,target_marginals,Intermediate_mesoderm_and_kidney
183,11.5,20,target_marginals,Ependymal_cells
184,11.5,15,target_marginals,Primordial_germ_cells
185,11.5,50,target_marginals,Olfactory_sensory_neurons
186,11.5,5/8,target_marginals,Muscle_cells
187,11.5,3/4,target_marginals,Primitive_erythroid
188,11.75,100,source_marginals,White_blood_cells
189,11.75,1,target_marginals,Mesoderm
190,11.75,3,target_marginals,CNS_neurons
191,11.75,2,target_marginals,Epithelial_cells
192,11.75,4,target_marginals,Neuroectoderm_and_glia
193,11.75,1000,target_marginals,Mast_cells
194,11.75,1000,target_marginals,Intestine
195,11.75,350,target_marginals,Gut
196,11.75,70,target_marginals,Eye_and_other
197,11.75,20,target_marginals,Epithelial_cells
198,11.75,50,target_marginals,Ependymal_cells
199,11.75,50,target_marginals,Cardiocytes
200,11.75,200,target_marginals,Intermediate_mesoderm_and_kidney
201,11.75,16,target_marginals,Intermediate_neuronal_progenitors
202,11.75,100,target_marginals,Lung_and_airways
203,11.75,25,target_marginals,Neural_crest_PNS_glia
204,11.75,7,target_marginals,Neural_crest_PNS_neurons
205,11.75,2,target_marginals,Muscle_cells
206,11.75,50,target_marginals,Megakaryocytes
207,11.75,30,target_marginals,Endothelium
208,11.75,2,target_marginals,Definitive_erythroid
209,11.75,150,target_marginals,White_blood_cells
210,11.75,50,target_marginals,Hepatocytes
211,11.75,1000,target_marginals,Notochord
212,11.75,100,target_marginals,Primitive_erythroid
213,11.75,150,target_marginals,Glands
214,11.75,1000,target_marginals,Primordial_germ_cells
215,11.75,1000,target_marginals,T_cells
216,11.75,1000,target_marginals,Olidendrocytes
217,11.75,200,target_marginals,Olfactory_sensory_neurons
218,12.0,10,source_marginals,Gut
219,12.0,30,source_marginals,White_blood_cells
220,12.0,5,target_marginals,Mesoderm
221,12.0,3,target_marginals,CNS_neurons
222,12.0,5,target_marginals,Epithelial_cells
223,12.0,17,target_marginals,Definitive_erythroid
224,12.0,1000,target_marginals,Mast_cells
225,12.0,450,target_marginals,Intestine
226,12.0,250,target_marginals,Gut
227,12.0,1000,target_marginals,Glands
228,12.0,5,target_marginals,Eye_and_other
229,12.0,50,target_marginals,Hepatocytes
230,12.0,700,target_marginals,Lung_and_airways
231,12.0,20,target_marginals,Cardiocytes
232,12.0,15,target_marginals,Neural_crest_PNS_neurons
233,12.0,7,target_marginals,Muscle_cells
234,12.0,20,target_marginals,Neural_crest_PNS_glia
235,12.0,7,target_marginals,Neuroectoderm_and_glia
236,12.0,40,target_marginals,Endothelium
237,12.0,300,target_marginals,Megakaryocytes
238,12.0,50,target_marginals,Ependymal_cells
239,12.0,50,target_marginals,Olfactory_sensory_neurons
240,12.0,1000,target_marginals,B_cells
241,12.0,100,target_marginals,White_blood_cells
242,12.0,1000,target_marginals,T_cells
243,12.0,100,target_marginals,Primitive_erythroid
244,12.0,1000,target_marginals,Primordial_germ_cells
245,12.0,1000,target_marginals,Notochord
246,12.0,1000,target_marginals,Intermediate_mesoderm_and_kidney
247,12.0,30,target_marginals,Intermediate_neuronal_progenitors
248,12.0,1000,target_marginals,Olidendrocytes
249,12.0,1000,target_marginals,Testis_and_adrenal
250,12.25,10,source_marginals,Mast_cells
251,12.25,100,source_marginals,White_blood_cells
252,12.25,10,source_marginals,Ependymal_cells
253,12.25,10,source_marginals,Mesoderm
254,12.25,9/10,target_marginals,Mesoderm
255,12.25,1/3,target_marginals,CNS_neurons
256,12.25,1,target_marginals,Epithelial_cells
257,12.25,5,target_marginals,Ependymal_cells
258,12.25,9/10,target_marginals,Neuroectoderm_and_glia
259,12.25,1/3,target_marginals,Muscle_cells
260,12.25,1/4,target_marginals,Definitive_erythroid
261,12.25,450,target_marginals,Mast_cells
262,12.25,300,target_marginals,B_cells
263,12.25,6,target_marginals,Cardiocytes
264,12.25,90,target_marginals,Intermediate_mesoderm_and_kidney
265,12.25,80,target_marginals,Olidendrocytes
266,12.25,50,target_marginals,Lung_and_airways
267,12.25,15,target_marginals,White_blood_cells
268,12.25,12,target_marginals,Megakaryocytes
269,12.25,1000,target_marginals,Notochord
270,12.25,65,target_marginals,Intestine
271,12.25,30,target_marginals,Primitive_erythroid
272,12.25,300,target_marginals,Glands
273,12.25,125,target_marginals,Primordial_germ_cells
274,12.25,120,target_marginals,Gut
275,12.25,1000,target_marginals,Testis_and_adrenal
276,12.5,100,source_marginals,White_blood_cells
277,12.5,1,target_marginals,Mesoderm
278,12.5,1,target_marginals,CNS_neurons
279,12.5,10,target_marginals,Epithelial_cells
280,12.5,3/2,target_marginals,Neuroectoderm_and_glia
281,12.5,9/10,target_marginals,Definitive_erythroid
282,12.5,500,target_marginals,Mast_cells
283,12.5,1,target_marginals,Muscle_cells
284,12.5,45,target_marginals,Gut
285,12.5,30,target_marginals,Cardiocytes
286,12.5,15,target_marginals,Ependymal_cells
287,12.5,1000,target_marginals,Olidendrocytes
288,12.5,27,target_marginals,Olfactory_sensory_neurons
289,12.5,30,target_marginals,Primitive_erythroid
290,12.5,1000,target_marginals,Primordial_germ_cells
291,12.5,1000,target_marginals,T_cells
292,12.5,1000,target_marginals,Testis_and_adrenal
293,12.5,150,target_marginals,Intestine
294,12.5,50,target_marginals,B_cells
295,12.5,35,target_marginals,Lung_and_airways
296,12.5,50,target_marginals,Megakaryocytes
297,12.5,15,target_marginals,Endothelium
298,12.5,27,target_marginals,Intermediate_mesoderm_and_kidney
299,12.5,12,target_marginals,Intermediate_neuronal_progenitors
300,12.5,40,target_marginals,Eye_and_other
301,12.5,50,target_marginals,White_blood_cells
302,12.5,5,target_marginals,Neural_crest_PNS_neurons
303,12.5,17,target_marginals,Neural_crest_PNS_glia
304,12.75,100,source_marginals,White_blood_cells
305,12.75,3/2,target_marginals,Mesoderm
306,12.75,9/10,target_marginals,CNS_neurons
307,12.75,6,target_marginals,Epithelial_cells
308,12.75,7/8,target_marginals,Neuroectoderm_and_glia
309,12.75,1000,target_marginals,Mast_cells
310,12.75,500,target_marginals,Gut
311,12.75,45,target_marginals,Lung_and_airways
312,12.75,100,target_marginals,Olidendrocytes
313,12.75,100,target_marginals,Olfactory_sensory_neurons
314,12.75,30,target_marginals,Endothelium
315,12.75,30,target_marginals,Ependymal_cells
316,12.75,15,target_marginals,Hepatocytes
317,12.75,30,target_marginals,Intestine
318,12.75,1000,target_marginals,Primordial_germ_cells
319,12.75,1000,target_marginals,T_cells
320,12.75,1000,target_marginals,Testis_and_adrenal
321,12.75,700,target_marginals,Cardiocytes
322,12.75,1000,target_marginals,B_cells
323,12.75,1000,target_marginals,Intestine
324,12.75,8,target_marginals,Megakaryocytes
325,12.75,10,target_marginals,Neural_crest_PNS_glia
326,12.75,7,target_marginals,Neural_crest_PNS_neurons
327,12.75,5,target_marginals,Muscle_cells
328,12.75,50,target_marginals,Primitive_erythroid
329,12.75,30,target_marginals,Intermediate_mesoderm_and_kidney
330,12.75,5,target_marginals,Definitive_erythroid
331,12.75,30,target_marginals,Eye_and_other
332,12.75,100,target_marginals,White_blood_cells
333,13.0,100,source_marginals,White_blood_cells
334,13.0,10,source_marginals,Neuroectoderm_and_glia
335,13.0,1/2,target_marginals,Mesoderm
336,13.0,1,target_marginals,CNS_neurons
337,13.0,3/16,target_marginals,Epithelial_cells
338,13.0,6,target_marginals,Neuroectoderm_and_glia
339,13.0,3/4,target_marginals,Hepatocytes
340,13.0,1,target_marginals,Definitive_erythroid
341,13.0,500,target_marginals,Mast_cells
342,13.0,200,target_marginals,Cardiocytes
343,13.0,20,target_marginals,Epithelial_cells
344,13.0,100,target_marginals,Ependymal_cells
345,13.0,40,target_marginals,Endothelium
346,13.0,80,target_marginals,Extraembryonic_visceral_endoderm
347,13.0,1000,target_marginals,Glands
348,13.0,1000,target_marginals,Gut
349,13.0,300,target_marginals,Intestine
350,13.0,50,target_marginals,Eye_and_other
351,13.0,30,target_marginals,Intermediate_mesoderm_and_kidney
352,13.0,18,target_marginals,Intermediate_neuronal_progenitors
353,13.0,50,target_marginals,Lung_and_airways
354,13.0,1000,target_marginals,B_cells
355,13.0,70,target_marginals,Primordial_germ_cells
356,13.0,3/4,target_marginals,Muscle_cells
357,13.0,20,target_marginals,Olfactory_sensory_neurons
358,13.0,13,target_marginals,Primitive_erythroid
359,13.0,200,target_marginals,Olidendrocytes
360,13.0,100,target_marginals,Cardiocytes
361,13.0,150,target_marginals,Primordial_germ_cells
362,13.0,1000,target_marginals,T_cells
363,13.0,300,target_marginals,Testis_and_adrenal
364,13.0,40,target_marginals,Megakaryocytes
365,13.0,30,target_marginals,Neural_crest_PNS_glia
366,13.0,8,target_marginals,Neural_crest_PNS_neurons
367,13.0,50,target_marginals,White_blood_cells
368,13.25,20,source_marginals,Gut
369,13.25,100,source_marginals,White_blood_cells
370,13.25,6,target_marginals,Mesoderm
371,13.25,175,target_marginals,White_blood_cells
372,13.25,1000,target_marginals,B_cells
373,13.25,300,target_marginals,Cardiocytes
374,13.25,40,target_marginals,Epithelial_cells
375,13.25,300,target_marginals,Ependymal_cells
376,13.25,10,target_marginals,CNS_neurons
377,13.25,250,target_marginals,Endothelium
378,13.25,120,target_marginals,Eye_and_other
379,13.25,1000,target_marginals,Glands
380,13.25,1000,target_marginals,Gut
381,13.25,1000,target_marginals,Intestine
382,13.25,20,target_marginals,Neural_crest_PNS_neurons
383,13.25,12,target_marginals,Neuroectoderm_and_glia
384,13.25,100,target_marginals,Lung_and_airways
385,13.25,80,target_marginals,Intermediate_mesoderm_and_kidney
386,13.25,100,target_marginals,Neural_crest_PNS_glia
387,13.25,80,target_marginals,Olidendrocytes
388,13.25,40,target_marginals,Olfactory_sensory_neurons
389,13.25,20,target_marginals,Definitive_erythroid
390,13.25,40,target_marginals,Primitive_erythroid
391,13.25,30,target_marginals,Intermediate_neuronal_progenitors
392,13.25,200,target_marginals,Megakaryocytes
393,13.25,25,target_marginals,Hepatocytes
394,13.25,7,target_marginals,Muscle_cells
395,13.25,1000,target_marginals,Mast_cells
396,13.25,1000,target_marginals,Primordial_germ_cells
397,13.25,1000,target_marginals,T_cells
398,13.25,1000,target_marginals,Testis_and_adrenal
399,13.5,100,target_marginals,Mesoderm
400,13.5,130,target_marginals,CNS_neurons
401,13.5,175,target_marginals,White_blood_cells
402,13.5,1/4,target_marginals,Definitive_erythroid
403,13.5,1000,target_marginals,B_cells
404,13.5,600,target_marginals,Eye_and_other
405,13.5,1000,target_marginals,Cardiocytes
406,13.5,250,target_marginals,Epithelial_cells
407,13.5,700,target_marginals,Ependymal_cells
408,13.5,400,target_marginals,Endothelium
409,13.5,1000,target_marginals,Glands
410,13.5,1000,target_marginals,Gut
411,13.5,1000,target_marginals,Intestine
412,13.5,1000,target_marginals,Intermediate_mesoderm_and_kidney
413,13.5,1000,target_marginals,Lung_and_airways
414,13.5,1000,target_marginals,Mast_cells
415,13.5,500,target_marginals,Megakaryocytes
416,13.5,700,target_marginals,Neural_crest_PNS_glia
417,13.5,300,target_marginals,Neural_crest_PNS_neurons
418,13.5,125,target_marginals,Neuroectoderm_and_glia
419,13.5,150,target_marginals,Muscle_cells
420,13.5,1000,target_marginals,Notochord
421,13.5,500,target_marginals,Primitive_erythroid
422,13.5,1000,target_marginals,Olidendrocytes
423,13.5,500,target_marginals,Olfactory_sensory_neurons
424,13.5,50,target_marginals,Definitive_erythroid
425,13.5,100,target_marginals,Hepatocytes
426,13.5,300,target_marginals,Intermediate_neuronal_progenitors
427,13.5,1000,target_marginals,Primordial_germ_cells
428,13.5,1000,target_marginals,T_cells
429,13.5,1000,target_marginals,Testis_and_adrenal
430,13.75,100,source_marginals,White_blood_cells
431,13.75,20,target_marginals,Mesoderm
432,13.75,17,target_marginals,CNS_neurons
433,13.75,70,target_marginals,Epithelial_cells
434,13.75,30,target_marginals,Neuroectoderm_and_glia
435,13.75,300,target_marginals,White_blood_cells
436,13.75,20,target_marginals,Definitive_erythroid
437,13.75,150,target_marginals,Aidpocytes
438,13.75,1000,target_marginals,B_cells
439,13.75,200,target_marginals,Cardiocytes
440,13.75,500,target_marginals,Endothelium
441,13.75,500,target_marginals,Eye_and_other
442,13.75,50,target_marginals,Extraembryonic_visceral_endoderm
443,13.75,150,target_marginals,Ependymal_cells
444,13.75,1000,target_marginals,Glands
445,13.75,1000,target_marginals,Gut
446,13.75,1000,target_marginals,Intermediate_mesoderm_and_kidney
447,13.75,40,target_marginals,Hepatocytes
448,13.75,300,target_marginals,Cardiocytes
449,13.75,25,target_marginals,Intermediate_neuronal_progenitors
450,13.75,1000,target_marginals,Intestine
451,13.75,700,target_marginals,Mast_cells
452,13.75,300,target_marginals,Lung_and_airways
453,13.75,300,target_marginals,Megakaryocytes
454,13.75,300,target_marginals,Neural_crest_PNS_glia
455,13.75,1000,target_marginals,Aidpocytes
456,13.75,40,target_marginals,Neural_crest_PNS_neurons
457,13.75,500,target_marginals,Primitive_erythroid
458,13.75,8,target_marginals,Muscle_cells
459,13.75,1000,target_marginals,Primordial_germ_cells
460,13.75,1000,target_marginals,T_cells
461,13.75,1000,target_marginals,Testis_and_adrenal
462,13.75,400,target_marginals,Olidendrocytes
463,13.75,90,target_marginals,Olfactory_sensory_neurons
464,14.0,90,target_marginals,Aidpocytes
465,14.0,100,target_marginals,B_cells
466,14.0,5/6,target_marginals,CNS_neurons
467,14.0,1,target_marginals,Definitive_erythroid
468,14.0,2,target_marginals,Epithelial_cells
469,14.0,20,target_marginals,Eye_and_other
470,14.0,2,target_marginals,Glands
471,14.0,35,target_marginals,Gut
472,14.0,2,target_marginals,Intermediate_mesoderm_and_kidney
473,14.0,2,target_marginals,Intermediate_neuronal_progenitors
474,14.0,2,target_marginals,Lung_and_airways
475,14.0,7,target_marginals,Mast_cells
476,14.0,3,target_marginals,Megakaryocytes
477,14.0,1/4,target_marginals,Mesoderm
478,14.0,1/4,target_marginals,Muscle_cells
479,14.0,3,target_marginals,Neural_crest_PNS_glia
480,14.0,3/2,target_marginals,Neuroectoderm_and_glia
481,14.0,4,target_marginals,Olfactory_sensory_neurons
482,14.0,500,target_marginals,Primordial_germ_cells
483,14.0,200,target_marginals,Primitive_erythroid
484,14.0,80,target_marginals,T_cells
485,14.0,60,target_marginals,Testis_and_adrenal
486,14.25,40,target_marginals,Aidpocytes
487,14.25,30,target_marginals,B_cells
488,14.25,3/4,target_marginals,CNS_neurons
489,14.25,150,target_marginals,Cardiocytes
490,14.25,1/2,target_marginals,Definitive_erythroid
491,14.25,3,target_marginals,Endothelium
492,14.25,7,target_marginals,Ependymal_cells
493,14.25,3,target_marginals,Epithelial_cells
494,14.25,9,target_marginals,Eye_and_other
495,14.25,50,target_marginals,Glands
496,14.25,50,target_marginals,Gut
497,14.25,8,target_marginals,Intermediate_mesoderm_and_kidney
498,14.25,8,target_marginals,Intestine
499,14.25,14,target_marginals,Lung_and_airways
500,14.25,6,target_marginals,Mast_cells
501,14.25,5/2,target_marginals,Megakaryocytes
502,14.25,7/8,target_marginals,Mesoderm
503,14.25,2,target_marginals,Muscle_cells
504,14.25,5,target_marginals,Neural_crest_PNS_glia
505,14.25,5,target_marginals,Neural_crest_PNS_neurons
506,14.25,7/8,target_marginals,Neuroectoderm_and_glia
507,14.25,100,target_marginals,Primordial_germ_cells
508,14.25,20,target_marginals,T_cells
509,14.25,800,target_marginals,Testis_and_adrenal
510,14.25,7/8,target_marginals,White_blood_cells
511,14.33,20,target_marginals,Aidpocytes
512,14.33,7,target_marginals,B_cells
513,14.33,50,target_marginals,Cardiocytes
514,14.33,3/4,target_marginals,CNS_neurons
515,14.33,4,target_marginals,Endothelium
516,14.33,2/3,target_marginals,Definitive_erythroid
517,14.33,2,target_marginals,Ependymal_cells
518,14.33,3,target_marginals,Epithelial_cells
519,14.33,10,target_marginals,Eye_and_other
520,14.33,20,target_marginals,Glands
521,14.33,50,target_marginals,Gut
522,14.33,5,target_marginals,Intermediate_mesoderm_and_kidney
523,14.33,6,target_marginals,Intestine
524,14.33,8,target_marginals,Lung_and_airways
525,14.33,9,target_marginals,Mast_cells
526,14.33,2,target_marginals,Megakaryocytes
527,14.33,2/3,target_marginals,Mesoderm
528,14.33,8,target_marginals,Neural_crest_PNS_glia
529,14.33,10,target_marginals,Neural_crest_PNS_neurons
530,14.33,3/4,target_marginals,Neuroectoderm_and_glia
531,14.33,3,target_marginals,Olidendrocytes
532,14.33,3,target_marginals,Olfactory_sensory_neurons
533,14.33,120,target_marginals,Primitive_erythroid
534,14.33,120,target_marginals,Primordial_germ_cells
535,14.33,65,target_marginals,T_cells
536,14.33,65,target_marginals,Testis_and_adrenal
537,14.33,1/2,target_marginals,White_blood_cells
538,14.75,7,target_marginals,Aidpocytes
539,14.75,3,target_marginals,B_cells
540,14.75,2/3,target_marginals,CNS_neurons
541,14.75,2,target_marginals,Cardiocytes
542,14.75,1/2,target_marginals,Definitive_erythroid
543,14.75,3,target_marginals,Ependymal_cells
544,14.75,2,target_marginals,Epithelial_cells
545,14.75,8,target_marginals,Eye_and_other
546,14.75,70,target_marginals,Glands
547,14.75,15,target_marginals,Gut
548,14.75,7,target_marginals,Intermediate_mesoderm_and_kidney
549,14.75,6,target_marginals,Intestine
550,14.75,3/2,target_marginals,Lung_and_airways
551,14.75,10,target_marginals,Mast_cells
552,14.75,3,target_marginals,Megakaryocytes
553,14.75,7/8,target_marginals,Mesoderm
554,14.75,1,target_marginals,Muscle_cells
555,14.75,8,target_marginals,Neural_crest_PNS_glia
556,14.75,2,target_marginals,Neural_crest_PNS_neurons
557,14.75,1,target_marginals,Neuroectoderm_and_glia
558,14.75,5,target_marginals,Olfactory_sensory_neurons
559,14.75,5,target_marginals,Olidendrocytes
560,14.75,1000,target_marginals,Primitive_erythroid
561,14.75,160,target_marginals,Primordial_germ_cells
562,14.75,40,target_marginals,T_cells
563,14.75,45,target_marginals,Testis_and_adrenal
564,14.75,2,target_marginals,White_blood_cells
565,15.0,14,target_marginals,Aidpocytes
566,15.0,8,target_marginals,B_cells
567,15.0,1/2,target_marginals,CNS_neurons
568,15.0,10,target_marginals,Cardiocytes
569,15.0,3/4,target_marginals,Definitive_erythroid
570,15.0,4,target_marginals,Endothelium
571,15.0,14,target_marginals,Ependymal_cells
572,15.0,2,target_marginals,Epithelial_cells
573,15.0,4,target_marginals,Eye_and_other
574,15.0,60,target_marginals,Glands
575,15.0,15,target_marginals,Gut
576,15.0,3,target_marginals,Intermediate_mesoderm_and_kidney
577,15.0,4,target_marginals,Intestine
578,15.0,2,target_marginals,Lung_and_airways
579,15.0,7,target_marginals,Mast_cells
580,15.0,3/4,target_marginals,Megakaryocytes
581,15.0,6/8,target_marginals,Mesoderm
582,15.0,2,target_marginals,Muscle_cells
583,15.0,9,target_marginals,Neural_crest_PNS_glia
584,15.0,7/8,target_marginals,Neuroectoderm_and_glia
585,15.0,4,target_marginals,Olfactory_sensory_neurons
586,15.0,2,target_marginals,Olidendrocytes
587,15.0,1000,target_marginals,Primitive_erythroid
588,15.0,30,target_marginals,Primordial_germ_cells
589,15.0,50,target_marginals,T_cells
590,15.0,300,target_marginals,Testis_and_adrenal
591,15.25,8,target_marginals,Aidpocytes
592,15.25,3,target_marginals,B_cells
593,15.25,5,target_marginals,Cardiocytes
594,15.25,1/2,target_marginals,Definitive_erythroid
595,15.25,3,target_marginals,Endothelium
596,15.25,8,target_marginals,Ependymal_cells
597,15.25,2,target_marginals,Epithelial_cells
598,15.25,3,target_marginals,Eye_and_other
599,15.25,70,target_marginals,Glands
600,15.25,15,target_marginals,Gut
601,15.25,2,target_marginals,Intermediate_mesoderm_and_kidney
602,15.25,3,target_marginals,Intestine
603,15.25,6,target_marginals,Mast_cells
604,15.25,7/8,target_marginals,Mesoderm
605,15.25,3/2,target_marginals,Muscle_cells
606,15.25,10,target_marginals,Neural_crest_PNS_glia
607,15.25,4,target_marginals,Neural_crest_PNS_neurons
608,15.25,2,target_marginals,Neuroectoderm_and_glia
609,15.25,4,target_marginals,Olfactory_sensory_neurons
610,15.25,4,target_marginals,Olidendrocytes
611,15.25,1000,target_marginals,Primitive_erythroid
612,15.25,150,target_marginals,Primordial_germ_cells
613,15.25,20,target_marginals,T_cells
614,15.25,35,target_marginals,Testis_and_adrenal
615,15.25,2/3,target_marginals,White_blood_cells
616,15.5,10,target_marginals,Aidpocytes
617,15.5,10,target_marginals,B_cells
618,15.5,3/2,target_marginals,CNS_neurons
619,15.5,50,target_marginals,Cardiocytes
620,15.5,3,target_marginals,Definitive_erythroid
621,15.5,8,target_marginals,Endothelium
622,15.5,40,target_marginals,Ependymal_cells
623,15.5,5,target_marginals,Epithelial_cells
624,15.5,5,target_marginals,Eye_and_other
625,15.5,800,target_marginals,Glands
626,15.5,20,target_marginals,Gut
627,15.5,7,target_marginals,Hepatocytes
628,15.5,10,target_marginals,Intermediate_mesoderm_and_kidney
629,15.5,5,target_marginals,Intermediate_neuronal_progenitors
630,15.5,8,target_marginals,Intestine
631,15.5,4,target_marginals,Lung_and_airways
632,15.5,30,target_marginals,Mast_cells
633,15.5,5,target_marginals,Megakaryocytes
634,15.5,3/2,target_marginals,Mesoderm
635,15.5,2,target_marginals,Muscle_cells
636,15.5,25,target_marginals,Neural_crest_PNS_glia
637,15.5,5,target_marginals,Neural_crest_PNS_neurons
638,15.5,3,target_marginals,Neuroectoderm_and_glia
639,15.5,7,target_marginals,Olfactory_sensory_neurons
640,15.5,8,target_marginals,Olidendrocytes
641,15.5,300,target_marginals,Primordial_germ_cells
642,15.5,120,target_marginals,T_cells
643,15.5,150,target_marginals,Testis_and_adrenal
644,15.5,5,target_marginals,White_blood_cells
645,15.75,4,target_marginals,Aidpocytes
646,15.75,4,target_marginals,B_cells
647,15.75,10,target_marginals,Cardiocytes
648,15.75,3/4,target_marginals,Definitive_erythroid
649,15.75,2,target_marginals,Endothelium
650,15.75,10,target_marginals,Ependymal_cells
651,15.75,2,target_marginals,Epithelial_cells
652,15.75,4,target_marginals,Eye_and_other
653,15.75,70,target_marginals,Glands
654,15.75,10,target_marginals,Gut
655,15.75,4,target_marginals,Intermediate_mesoderm_and_kidney
656,15.75,4,target_marginals,Intestine
657,15.75,2,target_marginals,Lung_and_airways
658,15.75,13,target_marginals,Mast_cells
659,15.75,5,target_marginals,Megakaryocytes
660,15.75,2/3,target_marginals,Mesoderm
661,15.75,1,target_marginals,Muscle_cells
662,15.75,8,target_marginals,Neural_crest_PNS_glia
663,15.75,10,target_marginals,Neural_crest_PNS_neurons
664,15.75,2,target_marginals,Neuroectoderm_and_glia
665,15.75,10,target_marginals,Olfactory_sensory_neurons
666,15.75,3,target_marginals,Olidendrocytes
667,15.75,200,target_marginals,Primordial_germ_cells
668,15.75,30,target_marginals,T_cells
669,15.75,40,target_marginals,Testis_and_adrenal
670,15.75,1,target_marginals,White_blood_cells
671,16.0,3,target_marginals,Aidpocytes
672,16.0,5,target_marginals,B_cells
673,16.0,7/8,target_marginals,CNS_neurons
674,16.0,2,target_marginals,Cardiocytes
675,16.0,7/8,target_marginals,Definitive_erythroid
676,16.0,3,target_marginals,Endothelium
677,16.0,4,target_marginals,Ependymal_cells
678,16.0,3,target_marginals,Epithelial_cells
679,16.0,6,target_marginals,Eye_and_other
680,16.0,35,target_marginals,Glands
681,16.0,10,target_marginals,Gut
682,16.0,5,target_marginals,Intermediate_mesoderm_and_kidney
683,16.0,6,target_marginals,Intestine
684,16.0,2,target_marginals,Lung_and_airways
685,16.0,14,target_marginals,Mast_cells
686,16.0,5,target_marginals,Megakaryocytes
687,16.0,9/10,target_marginals,Mesoderm
688,16.0,3/2,target_marginals,Muscle_cells
689,16.0,15,target_marginals,Neural_crest_PNS_glia
690,16.0,3,target_marginals,Neural_crest_PNS_neurons
691,16.0,3,target_marginals,Neuroectoderm_and_glia
692,16.0,20,target_marginals,Olfactory_sensory_neurons
693,16.0,7,target_marginals,Olidendrocytes
694,16.0,200,target_marginals,Primordial_germ_cells
695,16.0,35,target_marginals,T_cells
696,16.0,40,target_marginals,Testis_and_adrenal
697,16.0,2,target_marginals,White_blood_cells
698,16.25,20,target_marginals,Aidpocytes
699,16.25,55,target_marginals,B_cells
700,16.25,3,target_marginals,CNS_neurons
701,16.25,5,target_marginals,Definitive_erythroid
702,16.25,55,target_marginals,Cardiocytes
703,16.25,6,target_marginals,Endothelium
704,16.25,10,target_marginals,Ependymal_cells
705,16.25,10,target_marginals,Epithelial_cells
706,16.25,30,target_marginals,Eye_and_other
707,16.25,30,target_marginals,Glands
708,16.25,40,target_marginals,Gut
709,16.25,5,target_marginals,Hepatocytes
710,16.25,25,target_marginals,Intermediate_mesoderm_and_kidney
711,16.25,8,target_marginals,Intermediate_neuronal_progenitors
712,16.25,10,target_marginals,Intestine
713,16.25,15,target_marginals,Lung_and_airways
714,16.25,25,target_marginals,Mast_cells
715,16.25,25,target_marginals,Megakaryocytes
716,16.25,2,target_marginals,Mesoderm
717,16.25,5,target_marginals,Muscle_cells
718,16.25,50,target_marginals,Neural_crest_PNS_glia
719,16.25,10,target_marginals,Neural_crest_PNS_neurons
720,16.25,8,target_marginals,Neuroectoderm_and_glia
721,16.25,40,target_marginals,Olfactory_sensory_neurons
722,16.25,50,target_marginals,Olidendrocytes
723,16.25,1000,target_marginals,Primordial_germ_cells
724,16.25,130,target_marginals,T_cells
725,16.25,300,target_marginals,Testis_and_adrenal
726,16.25,7,target_marginals,White_blood_cells
727,16.5,7,target_marginals,Aidpocytes
728,16.5,30,target_marginals,B_cells
729,16.5,2,target_marginals,CNS_neurons
730,16.5,3,target_marginals,Cardiocytes
731,16.5,3,target_marginals,Definitive_erythroid
732,16.5,4,target_marginals,Endothelium
733,16.5,2,target_marginals,Ependymal_cells
734,16.5,4,target_marginals,Epithelial_cells
735,16.5,30,target_marginals,Eye_and_other
736,16.5,100,target_marginals,Glands
737,16.5,30,target_marginals,Gut
738,16.5,2,target_marginals,Hepatocytes
739,16.5,7,target_marginals,Intermediate_mesoderm_and_kidney
740,16.5,3,target_marginals,Intermediate_neuronal_progenitors
741,16.5,6,target_marginals,Intestine
742,16.5,6,target_marginals,Lung_and_airways
743,16.5,20,target_marginals,Mast_cells
744,16.5,6,target_marginals,Megakaryocytes
745,16.5,2,target_marginals,Mesoderm
746,16.5,2,target_marginals,Muscle_cells
747,16.5,22,target_marginals,Neural_crest_PNS_glia
748,16.5,4,target_marginals,Neural_crest_PNS_neurons
749,16.5,5,target_marginals,Neuroectoderm_and_glia
750,16.5,25,target_marginals,Olfactory_sensory_neurons
751,16.5,25,target_marginals,Olidendrocytes
752,16.5,1000,target_marginals,Primordial_germ_cells
753,16.5,30,target_marginals,T_cells
754,16.5,50,target_marginals,Testis_and_adrenal
755,16.5,3,target_marginals,White_blood_cells
756,16.75,10,source_marginals,White_blood_cells
757,16.75,16,target_marginals,Aidpocytes
758,16.75,35,target_marginals,B_cells
759,16.75,4,target_marginals,CNS_neurons
760,16.75,60,target_marginals,Cardiocytes
761,16.75,2,target_marginals,Definitive_erythroid
762,16.75,15,target_marginals,Endothelium
763,16.75,40,target_marginals,Ependymal_cells
764,16.75,15,target_marginals,Epithelial_cells
765,16.75,20,target_marginals,Eye_and_other
766,16.75,30,target_marginals,Glands
767,16.75,150,target_marginals,Gut
768,16.75,4,target_marginals,Hepatocytes
769,16.75,25,target_marginals,Intermediate_mesoderm_and_kidney
770,16.75,2,target_marginals,Intermediate_neuronal_progenitors
771,16.75,40,target_marginals,Intestine
772,16.75,10,target_marginals,Lung_and_airways
773,16.75,40,target_marginals,Mast_cells
774,16.75,60,target_marginals,Megakaryocytes
775,16.75,3,target_marginals,Mesoderm
776,16.75,8,target_marginals,Muscle_cells
777,16.75,60,target_marginals,Neural_crest_PNS_glia
778,16.75,10,target_marginals,Neural_crest_PNS_neurons
779,16.75,3,target_marginals,Neuroectoderm_and_glia
780,16.75,25,target_marginals,Olfactory_sensory_neurons
781,16.75,30,target_marginals,Olidendrocytes
782,16.75,1000,target_marginals,Primordial_germ_cells
783,16.75,50,target_marginals,T_cells
784,16.75,600,target_marginals,Testis_and_adrenal
785,16.75,10,target_marginals,White_blood_cells
786,17.0,200,target_marginals,Aidpocytes
787,17.0,1000,target_marginals,B_cells
788,17.0,100,target_marginals,CNS_neurons
789,17.0,1000,target_marginals,Cardiocytes
790,17.0,140,target_marginals,Definitive_erythroid
791,17.0,400,target_marginals,Endothelium
792,17.0,1000,target_marginals,Ependymal_cells
793,17.0,160,target_marginals,Epithelial_cells
794,17.0,300,target_marginals,Eye_and_other
795,17.0,1000,target_marginals,Glands
796,17.0,1000,target_marginals,Gut
797,17.0,150,target_marginals,Hepatocytes
798,17.0,250,target_marginals,Intermediate_mesoderm_and_kidney
799,17.0,150,target_marginals,Intermediate_neuronal_progenitors
800,17.0,350,target_marginals,Intestine
801,17.0,240,target_marginals,Lung_and_airways
802,17.0,450,target_marginals,Mast_cells
803,17.0,1000,target_marginals,Megakaryocytes
804,17.0,145,target_marginals,Mesoderm
805,17.0,450,target_marginals,Muscle_cells
806,17.0,1000,target_marginals,Neural_crest_PNS_glia
807,17.0,1000,target_marginals,Neural_crest_PNS_neurons
808,17.0,200,target_marginals,Neuroectoderm_and_glia
809,17.0,1000,target_marginals,Olfactory_sensory_neurons
810,17.0,450,target_marginals,Olidendrocytes
811,17.0,1000,target_marginals,Primordial_germ_cells
812,17.0,800,target_marginals,T_cells
813,17.0,1000,target_marginals,Testis_and_adrenal
814,17.0,150,target_marginals,White_blood_cells
815,17.25,350,target_marginals,Aidpocytes
816,17.25,1000,target_marginals,B_cells
817,17.25,300,target_marginals,CNS_neurons
818,17.25,1000,target_marginals,Cardiocytes
819,17.25,500,target_marginals,Definitive_erythroid
820,17.25,700,target_marginals,Endothelium
821,17.25,1000,target_marginals,Ependymal_cells
822,17.25,600,target_marginals,Epithelial_cells
823,17.25,1000,target_marginals,Eye_and_other
824,17.25,1000,target_marginals,Glands
825,17.25,1000,target_marginals,Gut
826,17.25,450,target_marginals,Hepatocytes
827,17.25,1000,target_marginals,Intermediate_mesoderm_and_kidney
828,17.25,500,target_marginals,Intermediate_neuronal_progenitors
829,17.25,1000,target_marginals,Intestine
830,17.25,450,target_marginals,Lung_and_airways
831,17.25,1000,target_marginals,Mast_cells
832,17.25,1000,target_marginals,Megakaryocytes
833,17.25,150,target_marginals,Mesoderm
834,17.25,170,target_marginals,Muscle_cells
835,17.25,1000,target_marginals,Neural_crest_PNS_glia
836,17.25,1000,target_marginals,Neural_crest_PNS_neurons
837,17.25,500,target_marginals,Neuroectoderm_and_glia
838,17.25,700,target_marginals,Olfactory_sensory_neurons
839,17.25,1000,target_marginals,Olidendrocytes
840,17.25,1000,target_marginals,Primordial_germ_cells
841,17.25,1000,target_marginals,T_cells
842,17.25,4000,target_marginals,Testis_and_adrenal
843,17.25,300,target_marginals,White_blood_cells
844,17.5,10,target_marginals,Aidpocytes
845,17.5,40,target_marginals,B_cells
846,17.5,5,target_marginals,CNS_neurons
847,17.5,100,target_marginals,Cardiocytes
848,17.5,10,target_marginals,Definitive_erythroid
849,17.5,24,target_marginals,Endothelium
850,17.5,100,target_marginals,Ependymal_cells
851,17.5,17,target_marginals,Epithelial_cells
852,17.5,30,target_marginals,Eye_and_other
853,17.5,100,target_marginals,Glands
854,17.5,100,target_marginals,Gut
855,17.5,9,target_marginals,Hepatocytes
856,17.5,40,target_marginals,Intermediate_mesoderm_and_kidney
857,17.5,15/2,target_marginals,Intermediate_neuronal_progenitors
858,17.5,30,target_marginals,Intestine
859,17.5,15,target_marginals,Lung_and_airways
860,17.5,35,target_marginals,Mast_cells
861,17.5,100,target_marginals,Megakaryocytes
862,17.5,4,target_marginals,Mesoderm
863,17.5,15,target_marginals,Muscle_cells
864,17.5,50,target_marginals,Neural_crest_PNS_glia
865,17.5,30,target_marginals,Neural_crest_PNS_neurons
866,17.5,6,target_marginals,Neuroectoderm_and_glia
867,17.5,60,target_marginals,Olfactory_sensory_neurons
868,17.5,25,target_marginals,Olidendrocytes
869,17.5,100,target_marginals,Primordial_germ_cells
870,17.5,20,target_marginals,T_cells
871,17.5,100,target_marginals,Testis_and_adrenal
872,17.5,6,target_marginals,White_blood_cells
873,17.75,100,target_marginals,Aidpocytes
874,17.75,800,target_marginals,B_cells
875,17.75,180,target_marginals,CNS_neurons
876,17.75,500,target_marginals,Cardiocytes
877,17.75,100,target_marginals,Definitive_erythroid
878,17.75,150,target_marginals,Endothelium
879,17.75,1000,target_marginals,Ependymal_cells
880,17.75,130,target_marginals,Epithelial_cells
881,17.75,1000,target_marginals,Eye_and_other
882,17.75,1000,target_marginals,Glands
883,17.75,1000,target_marginals,Gut
884,17.75,150,target_marginals,Hepatocytes
885,17.75,500,target_marginals,Intermediate_mesoderm_and_kidney
886,17.75,400,target_marginals,Intermediate_neuronal_progenitors
887,17.75,220,target_marginals,Intestine
888,17.75,200,target_marginals,Lung_and_airways
889,17.75,500,target_marginals,Mast_cells
890,17.75,1000,target_marginals,Megakaryocytes
891,17.75,50,target_marginals,Mesoderm
892,17.75,70,target_marginals,Muscle_cells
893,17.75,1000,target_marginals,Neural_crest_PNS_glia
894,17.75,1000,target_marginals,Neural_crest_PNS_neurons
895,17.75,400,target_marginals,Neuroectoderm_and_glia
896,17.75,1000,target_marginals,Olfactory_sensory_neurons
897,17.75,700,target_marginals,Olidendrocytes
898,17.75,1000,target_marginals,Primordial_germ_cells
899,17.75,300,target_marginals,T_cells
900,17.75,1000,target_marginals,Testis_and_adrenal
901,17.75,150,target_marginals,White_blood_cells
902,18.0,120,target_marginals,Aidpocytes
903,18.0,300,target_marginals,B_cells
904,18.0,80,target_marginals,CNS_neurons
905,18.0,1000,target_marginals,Cardiocytes
906,18.0,300,target_marginals,Definitive_erythroid
907,18.0,350,target_marginals,Endothelium
908,18.0,1000,target_marginals,Ependymal_cells
909,18.0,450,target_marginals,Epithelial_cells
910,18.0,500,target_marginals,Eye_and_other
911,18.0,1000,target_marginals,Glands
912,18.0,1000,target_marginals,Gut
913,18.0,440,target_marginals,Hepatocytes
914,18.0,225,target_marginals,Intermediate_mesoderm_and_kidney
915,18.0,100,target_marginals,Intermediate_neuronal_progenitors
916,18.0,300,target_marginals,Intestine
917,18.0,250,target_marginals,Lung_and_airways
918,18.0,700,target_marginals,Mast_cells
919,18.0,1000,target_marginals,Megakaryocytes
920,18.0,55,target_marginals,Mesoderm
921,18.0,300,target_marginals,Muscle_cells
922,18.0,1000,target_marginals,Neural_crest_PNS_glia
923,18.0,700,target_marginals,Neural_crest_PNS_neurons
924,18.0,300,target_marginals,Neuroectoderm_and_glia
925,18.0,300,target_marginals,Olfactory_sensory_neurons
926,18.0,400,target_marginals,Olidendrocytes
927,18.0,1000,target_marginals,Primordial_germ_cells
928,18.0,300,target_marginals,T_cells
929,18.0,1000,target_marginals,Testis_and_adrenal
930,18.0,80,target_marginals,White_blood_cells
931,18.25,50,target_marginals,Aidpocytes
932,18.25,300,target_marginals,B_cells
933,18.25,50,target_marginals,CNS_neurons
934,18.25,300,target_marginals,Cardiocytes
935,18.25,50,target_marginals,Definitive_erythroid
936,18.25,70,target_marginals,Endothelium
937,18.25,1000,target_marginals,Ependymal_cells
938,18.25,70,target_marginals,Epithelial_cells
939,18.25,300,target_marginals,Eye_and_other
940,18.25,1000,target_marginals,Glands
941,18.25,700,target_marginals,Gut
942,18.25,35,target_marginals,Hepatocytes
943,18.25,80,target_marginals,Intermediate_mesoderm_and_kidney
944,18.25,180,target_marginals,Intermediate_neuronal_progenitors
945,18.25,250,target_marginals,Intestine
946,18.25,120,target_marginals,Lung_and_airways
947,18.25,120,target_marginals,Mast_cells
948,18.25,1000,target_marginals,Megakaryocytes
949,18.25,25,target_marginals,Mesoderm
950,18.25,35,target_marginals,Muscle_cells
951,18.25,180,target_marginals,Neural_crest_PNS_glia
952,18.25,500,target_marginals,Neural_crest_PNS_neurons
953,18.25,80,target_marginals,Neuroectoderm_and_glia
954,18.25,400,target_marginals,Olfactory_sensory_neurons
955,18.25,200,target_marginals,Olidendrocytes
956,18.25,1000,target_marginals,Primordial_germ_cells
957,18.25,120,target_marginals,T_cells
958,18.25,700,target_marginals,Testis_and_adrenal
959,18.25,25,target_marginals,White_blood_cells
960,18.5,70,target_marginals,Aidpocytes
961,18.5,200,target_marginals,B_cells
962,18.5,30,target_marginals,CNS_neurons
963,18.5,300,target_marginals,Cardiocytes
964,18.5,40,target_marginals,Definitive_erythroid
965,18.5,120,target_marginals,Endothelium
966,18.5,600,target_marginals,Ependymal_cells
967,18.5,130,target_marginals,Epithelial_cells
968,18.5,120,target_marginals,Eye_and_other
969,18.5,1000,target_marginals,Glands
970,18.5,250,target_marginals,Gut
971,18.5,70,target_marginals,Hepatocytes
972,18.5,150,target_marginals,Intermediate_mesoderm_and_kidney
973,18.5,90,target_marginals,Intermediate_neuronal_progenitors
974,18.5,200,target_marginals,Intestine
975,18.5,150,target_marginals,Lung_and_airways
976,18.5,120,target_marginals,Mast_cells
977,18.5,600,target_marginals,Megakaryocytes
978,18.5,24,target_marginals,Mesoderm
979,18.5,80,target_marginals,Muscle_cells
980,18.5,450,target_marginals,Neural_crest_PNS_glia
981,18.5,300,target_marginals,Neural_crest_PNS_neurons
982,18.5,130,target_marginals,Neuroectoderm_and_glia
983,18.5,200,target_marginals,Olfactory_sensory_neurons
984,18.5,90,target_marginals,Olidendrocytes
985,18.5,1000,target_marginals,Primordial_germ_cells
986,18.5,60,target_marginals,T_cells
987,18.5,800,target_marginals,Testis_and_adrenal
988,18.5,25,target_marginals,White_blood_cells
989,18.75,200,target_marginals,Aidpocytes
990,18.75,200,target_marginals,B_cells
991,18.75,30,target_marginals,CNS_neurons
992,18.75,150,target_marginals,Cardiocytes
993,18.75,90,target_marginals,Definitive_erythroid
994,18.75,40,target_marginals,Endothelium
995,18.75,400,target_marginals,Ependymal_cells
996,18.75,120,target_marginals,Epithelial_cells
997,18.75,100,target_marginals,Eye_and_other
998,18.75,400,target_marginals,Glands
999,18.75,700,target_marginals,Gut
1000,18.75,150,target_marginals,Hepatocytes
1001,18.75,180,target_marginals,Intermediate_mesoderm_and_kidney
1002,18.75,50,target_marginals,Intermediate_neuronal_progenitors
1003,18.75,400,target_marginals,Intestine
1004,18.75,200,target_marginals,Lung_and_airways
1005,18.75,300,target_marginals,Mast_cells
1006,18.75,800,target_marginals,Megakaryocytes
1007,18.75,25,target_marginals,Mesoderm
1008,18.75,60,target_marginals,Muscle_cells
1009,18.75,250,target_marginals,Neural_crest_PNS_glia
1010,18.75,450,target_marginals,Neural_crest_PNS_neurons
1011,18.75,30,target_marginals,Neuroectoderm_and_glia
1012,18.75,100,target_marginals,Olfactory_sensory_neurons
1013,18.75,100,target_marginals,Olidendrocytes
1014,18.75,500,target_marginals,Primordial_germ_cells
1015,18.75,100,target_marginals,T_cells
1016,18.75,1000,target_marginals,Testis_and_adrenal
1017,18.75,30,target_marginals,White_blood_cells
